{
  "0": {
    "precision": 0.9999725884707108,
    "recall": 0.9988500082142271,
    "f1-score": 0.9994109831102831,
    "support": 36522.0
  },
  "1": {
    "precision": 0.7062937062937062,
    "recall": 0.9901960784313726,
    "f1-score": 0.8244897959183674,
    "support": 102.0
  },
  "accuracy": 0.9988259065093927,
  "macro avg": {
    "precision": 0.8531331473822086,
    "recall": 0.9945230433227998,
    "f1-score": 0.9119503895143253,
    "support": 36624.0
  },
  "weighted avg": {
    "precision": 0.9991546754633369,
    "recall": 0.9988259065093927,
    "f1-score": 0.9989238172875008,
    "support": 36624.0
  }
}