{
  "0": {
    "precision": 0.999972607242645,
    "recall": 0.99953452713433,
    "f1-score": 0.9997535191981158,
    "support": 36522.0
  },
  "1": {
    "precision": 0.8559322033898306,
    "recall": 0.9901960784313726,
    "f1-score": 0.9181818181818182,
    "support": 102.0
  },
  "accuracy": 0.9995085190039319,
  "macro avg": {
    "precision": 0.9279524053162378,
    "recall": 0.9948653027828513,
    "f1-score": 0.9589676686899671,
    "support": 36624.0
  },
  "weighted avg": {
    "precision": 0.9995714462227403,
    "recall": 0.9995085190039319,
    "f1-score": 0.9995263371998727,
    "support": 36624.0
  }
}