{
  "0": {
    "precision": 0.9999724927105683,
    "recall": 0.9953726521001041,
    "f1-score": 0.9976672704319667,
    "support": 36522.0
  },
  "1": {
    "precision": 0.37407407407407406,
    "recall": 0.9901960784313726,
    "f1-score": 0.543010752688172,
    "support": 102.0
  },
  "accuracy": 0.9953582350371342,
  "macro avg": {
    "precision": 0.6870232833923212,
    "recall": 0.9927843652657383,
    "f1-score": 0.7703390115600693,
    "support": 36624.0
  },
  "weighted avg": {
    "precision": 0.9982293287006042,
    "recall": 0.9953582350371342,
    "f1-score": 0.9964010252154457,
    "support": 36624.0
  }
}