{
  "0": {
    "precision": 0.999644157337202,
    "recall": 0.9999452384863917,
    "f1-score": 0.9997946752446787,
    "support": 36522.0
  },
  "1": {
    "precision": 0.978021978021978,
    "recall": 0.8725490196078431,
    "f1-score": 0.9222797927461139,
    "support": 102.0
  },
  "accuracy": 0.9995904325032765,
  "macro avg": {
    "precision": 0.98883306767959,
    "recall": 0.9362471290471175,
    "f1-score": 0.9610372339953963,
    "support": 36624.0
  },
  "weighted avg": {
    "precision": 0.9995839382925824,
    "recall": 0.9995904325032765,
    "f1-score": 0.9995787917252692,
    "support": 36624.0
  }
}