{
  "0": {
    "precision": 0.9998630587204207,
    "recall": 0.9995892886479383,
    "f1-score": 0.999726154941534,
    "support": 36522.0
  },
  "1": {
    "precision": 0.8660714285714286,
    "recall": 0.9509803921568627,
    "f1-score": 0.9065420560747663,
    "support": 102.0
  },
  "accuracy": 0.9994539100043687,
  "macro avg": {
    "precision": 0.9329672436459246,
    "recall": 0.9752848404024005,
    "f1-score": 0.9531341055081501,
    "support": 36624.0
  },
  "weighted avg": {
    "precision": 0.9994904411397305,
    "recall": 0.9994539100043687,
    "f1-score": 0.9994666317304046,
    "support": 36624.0
  }
}