{
  "0": {
    "precision": 0.9996441475966276,
    "recall": 0.9999178577295876,
    "f1-score": 0.9997809839296958,
    "support": 36522.0
  },
  "1": {
    "precision": 0.967391304347826,
    "recall": 0.8725490196078431,
    "f1-score": 0.9175257731958762,
    "support": 102.0
  },
  "accuracy": 0.999563128003495,
  "macro avg": {
    "precision": 0.9835177259722268,
    "recall": 0.9362334386687154,
    "f1-score": 0.958653378562786,
    "support": 36624.0
  },
  "weighted avg": {
    "precision": 0.9995543215259806,
    "recall": 0.999563128003495,
    "f1-score": 0.9995518983165773,
    "support": 36624.0
  }
}